group,U2_V,D_mm,reading,unit,status
X,1000,-16,-37,V,observed
X,1000,-12,-27.5,V,observed
X,1000,-8,-18,V,observed
X,1000,-4,-8,V,observed
X,1000,0,0,V,observed
X,1000,4,10,V,observed
X,1000,8,20,V,observed
X,1000,12,28,V,observed
X,1000,16,37,V,observed
X,900,-16,-32.8,V,observed
X,900,-12,-25,V,observed
X,900,-8,-17.3,V,observed
X,900,-4,-7.5,V,observed
X,900,0,0,V,observed
X,900,4,7.5,V,observed
X,900,8,17.5,V,observed
X,900,12,25,V,observed
X,900,16,32.5,V,observed
X,800,-16,-30,V,observed
X,800,-12,-22.5,V,observed
X,800,-8,-15,V,observed
X,800,-4,-7.5,V,observed
X,800,0,0,V,observed
X,800,4,5.3,V,observed
X,800,8,12.5,V,observed
X,800,12,20,V,observed
X,800,16,26,V,observed
Y,1000,-16,-21.3,V,observed
Y,1000,-12,-15,V,observed
Y,1000,-8,-10,V,observed
Y,1000,-4,-4.5,V,observed
Y,1000,0,0,V,observed
Y,1000,4,5,V,observed
Y,1000,8,10.5,V,observed
Y,1000,12,16.3,V,observed
Y,1000,16,21.3,V,observed
Y,900,-16,-17.5,V,observed
Y,900,-12,-15,V,observed
Y,900,-8,-10,V,observed
Y,900,-4,-5,V,observed
Y,900,0,0,V,observed
Y,900,4,5,V,observed
Y,900,8,10,V,observed
Y,900,12,14.8,V,observed
Y,900,16,18,V,observed
Y,800,-16,-17.5,V,observed
Y,800,-12,-12.8,V,observed
Y,800,-8,-8.8,V,observed
Y,800,-4,-4.5,V,observed
Y,800,0,0,V,observed
Y,800,4,4.5,V,observed
Y,800,8,8.3,V,observed
Y,800,12,12.5,V,observed
Y,800,16,17,V,observed
M,1000,-12,,mA,unmeasured
M,1000,-9,-119,mA,observed
M,1000,-6,-87.5,mA,observed
M,1000,-3,-50,mA,observed
M,1000,0,0,mA,observed
M,1000,3,45,mA,observed
M,1000,6,79,mA,observed
M,1000,9,115,mA,observed
M,1000,12,,mA,unmeasured
M,900,-12,,mA,unmeasured
M,900,-9,-105,mA,observed
M,900,-6,-70.5,mA,observed
M,900,-3,-35,mA,observed
M,900,0,0,mA,observed
M,900,3,40,mA,observed
M,900,6,74,mA,observed
M,900,9,104,mA,observed
M,900,12,,mA,unmeasured
M,800,-12,,mA,unmeasured
M,800,-9,-90,mA,observed
M,800,-6,-60,mA,observed
M,800,-3,-34,mA,observed
M,800,0,0,mA,observed
M,800,3,35,mA,observed
M,800,6,65,mA,observed
M,800,9,95,mA,observed
M,800,12,,mA,unmeasured
